English,Urdu
"Taste 1010
Good service and better quantity with good price",ذائقہ 1010 اچھی سروس اور اچھی قیمت کے ساتھ بہتر مقدار
Food is awesome,کھانا لاجواب ہے۔
and have greater difficulty making decisions,اور فیصلے کرنے میں زیادہ دشواری ہوتی ہے۔
Good but things need to be improvement,اچھی بات ہے لیکن حالات میں بہتری کی ضرورت ہے۔
one thing is certain You need to talk to your parents,ایک چیز یقینی ہے آپ کو اپنے والدین سے بات کرنے کی ضرورت ہے۔
Take a chance,ایک بار کر کے دیکھو۔
Affording charges,چارجز برداشت کرنا
Broast was awesome and service was good too,براسٹ بہت اچھا تھا اور سروس بھی اچھی تھی۔
Good for family gathering ambience and service is very good,خاندانی اجتماع، ماحول اور خدمت کے لیے بہت اچھا ہے۔
Don’t bother me,مجھے پریشان نہ کرو۔
Famous nihari hotel at very famous food area,بہت مشہور کھانے کے علاقے میں مشہور نہاری ہوٹل
Pretty good but waiting time is so long,بہت اچھا لیکن انتظار کا وقت بہت طویل ہے۔
You had a swim yesterday,آپ نے کل تیراکی کی تھی۔
Tom has a daughter named Mary,ٹام کی ایک بیٹی کا نام ہے مریم۔
If only cleanliness was maintained,اگر صرف صفائی کا خیال رکھا جاتا۔
What is that Moses thou hast in thy right hand,اور اے موسیٰؑ، یہ تیرے ہاتھ میں کیا ہے؟
Good in taste clean environment,ذائقہ صاف ماحول میں اچھا ہے
Nice ac hall  Food was average,اچھا اے سی ہال۔ کھانا اوسط تھا۔
Normal food taste,عام کھانے کا ذائقہ۔
A friend lent me this book,ایک دوست نے مجھے یہ کتاب دی تھی۔
Chicken karahi is so etching different,چکن کراہی بہت مختلف ہے
” And the young man went to the gangway,اور نوجوان گینگ وے کی طرف چلا گیا۔
Youve got to keep this secret OK,تمہیں اس کو صیغہ راز میں رکھنا ہوگا، ٹھیک ہے؟
"”

“Let us go then",پھر چلو
Good night,شب بخیر۔
He is crankyirritable,وہ چڑچڑا انسان ہے۔
Service and food is awsome,سروس اور کھانا شاندار ہے۔
Better hotel to go with family or friends,خاندان یا دوستوں کے ساتھ جانے کے لیے بہتر ہوٹل
You must forgive me if I was taken aback,اگر میں حیران رہ گیا ہوں تو آپ کو مجھے معاف کرنا چاہئے۔
Good food will not recommend for family visit and high prices,اچھا کھانا، خاندان کے دورے کے لیے سفارش نہیں کرے گا اور زیادہ قیمتیں
Been going there since childhood and absolutely love this place,بچپن سے وہاں جا رہا ہوں اور اس جگہ کو بالکل پسند کرتا ہوں۔
Waiters and staff need to be improved,ویٹروں اور عملے کو بہتر کرنے کی ضرورت ہے۔
Best for its kind,اس کی قسم کے لیے بہترین
superb bar b q,شاندار بار بی کیو
Quality and quantity both are good,معیار اور مقدار دونوں اچھے ہیں۔
Tasty food and specially their boneless karahi,لذیذ کھانے اور خاص طور پر ان کی ہڈیوں کے بغیر کراہی۔
Customers were welcomed with full care at the restaurant,ریسٹورنٹ میں گاہکوں کا پوری احتیاط کے ساتھ استقبال کیا گیا۔
Ok good place to visit with Family,فیملی کے ساتھ دیکھنے کے لیے اچھی جگہ ہے۔
Ah wonderful,بہت خوب۔
Spicy Grill food good experience,مسالیدار گرل کھانے کا اچھا تجربہ
Best nihari place in karachi,کراچی میں بہترین نہاری جگہ
They evolved a lot in taste as well as service,انہوں نے ذائقہ کے ساتھ ساتھ خدمت میں بھی بہت ترقی کی۔
One of the best kababs n bbq in town,شہر کے بہترین کباب اور بی بی کیو میں سے ایک
I found a dollar in the street,مجھے سڑک پہ ایک ڈالر گرا ہوا ملا۔
Best malai boti and kabab in KHI,KHI میں بہترین ملائی بوٹی اور کباب
Authentic barbecue taste,مستند باربی کیو ذائقہ
Mother and motherland are greater than heaven,ماں اور مادر وطن جنت سے بڑھ کر ہیں
Excellent service good food,بہترین سروس، اچھا کھانا
Can I help you,کیا میں اپ کی مدد کر سکتا ہوں؟
Its my 2nd time but it was bad,یہ میری دوسری بار ہے لیکن یہ برا تھا۔
As always it awesome Chatakh Boti and Fry Kabab,ہمیشہ کی طرح یہ لاجواب چٹاخ بوٹی اور کباب فرائی
Taste was good but service was a bit slow,ذائقہ اچھا تھا لیکن سروس تھوڑی سست تھی۔
Tasty food at reasonable prices,مناسب قیمت پر لذیذ کھانا
Food 910 taste 910 cleanliness 810 atmosphere 710,کھانا 910، ذائقہ 910، صفائی 810، ماحول 710
Love the karahi,کراہی سے پیار کریں۔
a Smoking will reduce my stress,a تمباکو نوشی میرے تناؤ کو کم کرے گی۔
Good taste  friendly environment,اچھا ذائقہ اور دوستانہ ماحول
For an instant we stood motionless looking at one another,ایک لمحے کے لیے ہم بے حرکت کھڑے ایک دوسرے کو دیکھتے رہے۔
And he swore to them both that he was their sincere adviser,721اور ان سے قسم کھا کر کہا میں تو تمہارا خیر خواہ ہوں
Place for nice food,عمدہ کھانے کی جگہ
Lottersssssss,لاٹرسسسسسسس
Best place to have sea food grilled or fried,سی فوڈ گرل یا فرائی کرنے کے لیے بہترین جگہ
Why didnt you tell me his name,آپ نے اسے کتاب کی ادائیگی نہیں کی۔
Great place must try chatak kabab thats their speciality,بہترین جگہ، چاٹک کباب ضرور آزمائیں جو ان کی خاصیت ہے۔
Dont move,حرکت نہ کرو۔
Then we will play,ہم پھر انھیلیں گے
Youre wrong in this case,اس معاملے میں آپ غلط ہے۔
Location Food quality  service all good,مقام، کھانے کا معیار اور سروس سب اچھا ہے
Thai was good khausa was below average,تھائی اچھی تھی، کھوسا اوسط سے کم تھا۔
You never agree with me,تم مجھ سے کبھی متفق نہیں ہوتے ہو۔
Bad experience about food quality and taste,کھانے کے معیار اور ذائقے کے بارے میں برا تجربہ
Give me a light said I but Sapt still leaned against the wall,مجھے روشنی دو، میں نے کہا۔ لیکن سپت پھر بھی دیوار سے ٹیک لگائے بیٹھا تھا۔
Never mind the woman growled Sapt Are you ready to start,عورت کو کوئی اعتراض نہ ہو، سپت نے کہا۔ کیا آپ شروع کرنے کے لیے تیار ہیں؟
The ambience was good but the food quality was very low,ماحول اچھا تھا لیکن کھانے کا معیار بہت کم تھا۔
A good place for Pakistani style dishes,پاکستانی طرز کے پکوان کے لیے ایک اچھی جگہ
I checked out the risks and decided that it’s not for me,میں نے خطرات کو چیک کیا اور فیصلہ کیا کہ یہ میرے لیے نہیں ہے۔
You didnt pay him for the book,آپ وہاں سے بلیک بورڈ نہیں دیکھ سکتے
Good ambience good food you certainly pay for the location,اچھا ماحول، اچھا کھانا، آپ یقینی طور پر مقام کے لیے ادائیگی کرتے ہیں۔
Surely He knows what is spoken aloud and He knows what you hide,اللہ وہ باتیں بھی جانتا ہے جو با آواز بلند کہی جاتی ہیں اور وہ بھی جو تم چھپا کر کرتے ہو
You must eat them all,آپ کو ان سب کو کھانا چاہیے۔
I have never done it before,میں نے پہلے کبھی نہیں کیا
“No—you undertook to do so,نہیں تم نے ایسا کرنے کا بیڑا اٹھایا
The police caught the thief redhanded,پولیس نے چور کو رنگے ہاتھوں پکڑا
It has been a difficult struggle,یہ ایک مشکل جدوجہد رہی ہے۔
He often thinks with his eyes shut,وہ زیادہ تر آنکھیں بند کر کے سوچتا ہے۔
Hes kind of cute,وہ تھوڑا خوبصورت ہے۔
I saw that his revolver was in his hand,میں نے دیکھا کہ اس کا ریوالور اس کے ہاتھ میں تھا۔
You hear noise,آپ شور سنتے ہیں۔
Nice place ambience is good food is okay,اچھی جگہ، ماحول اچھا ہے، کھانا ٹھیک ہے۔
Binoria Restaurant is a tremendous place,بنوریہ ریستوراں ایک زبردست جگہ ہے۔
Average taste of  food,کھانے کا اوسط ذائقہ
Everybody hates this idea,سب کو یہ خیال بُری لگتی ہے۔
Our teacher said that water boils at 100ºC,ہمارے استاد نے کیا کہ پانی ۱۰۰ ڈگری سینٹی گریڈ پہ ابلتا ہے۔
Was great,عظیم تھا
What would you like to eat,آپ کیا کھانا پسند کریںگے؟
I plan to study this afternoon after I get home,میرا پلین ہے کہ شام کو گھر جا کے میں پڑھائی کرو گا۔
Quetta wala fish shop perfect  cleanbest fish in Kaachi,کوئٹہ، والا فش شاپ پرفیکٹ کلینکاچی کی بہترین مچھلی
Serving quantity is less Taste is just bearable,سرونگ کی مقدار کم ہے، ذائقہ صرف قابل برداشت ہے۔
Your joke goes too far sir I cried,آپ کا مذاق بہت دور تک جاتا ہے جناب میں رویا
"”

“Can I believe my ears” cried the marquise",کیا میں اپنے کانوں پر یقین کر سکتا ہوں؟ مارکیز نے پکارا۔
Awesome food specially nahari is superb,لاجواب کھانا خاص طور پر نہاری شاندار ہے۔
Although there is so crowd n u have to wait but food is good,اگرچہ اتنی بھیڑ ہے تو انتظار کرنا پڑتا ہے لیکن کھانا اچھا ہے۔
Good food Good service Good environment,اچھا کھانا۔ اچھی خدمت اچھا ماحول
Dangri fish grill is thier speciality,ڈنگری فش گرل ان کی خاصیت ہے۔
I was saved by him,مجھے اس نے بچایا تھا
Very nice n hygenic food Service is not upto mark,بہت اچھا اور حفظان صحت سے متعلق کھانا۔ سروس مارک تک نہیں ہے۔
It’s red letter day today,آج سرخ حروف کا دن ہے۔
Unlatch the door,کنڈی کھول دو
ROLE MODEL Jacob LONG before you’re ready to leave home,کیا آپ اپنے گھر والوں کے ساتھ بھی ایسا ہی کریں گے؟
I have lost my way,میں راستہ بھول گیا ہوں۔
Pathetic service  Tasteless Nihari,قابل رحم خدمت  بے ذائقہ نہاری
food was good but service are not up to the standard,کھانا اچھا تھا، لیکن سروس معیار کے مطابق نہیں ہے۔
Tasty and complete variety of barbecue,باربی کیو کی مزیدار اور مکمل قسم
When schoolmates offer me alcohol,جب اسکول کے ساتھی مجھے شراب پیش کرتے ہیں۔
It was goodnice food,یہ اچھا، اچھا کھانا تھا،
Its a decent place  with good variety,یہ اچھی قسم کے ساتھ ایک مہذب جگہ ہے۔
Nice taste and environment,اچھا ذائقہ اور ماحول
A place of delicious dishes,مزیدار پکوانوں کی جگہ
Average taste of food not so much like,کھانے کا اوسط ذائقہ  اتنا زیادہ پسند نہیں۔
zaburdust,zaburdust
Sapt jumped down and laid his ear on the ground,سپت نے نیچے چھلانگ لگائی اور کان زمین پر رکھ دیا۔
Ossam dish,اوسام ڈش
Best Quality food and Good taste in Best Rate with good service,اچھی سروس کے ساتھ بہترین ریٹ میں بہترین معیار کا کھانا اور اچھا ذائقہ
The test of mutton karahi was very Delicious,مٹن کرہی کا ٹیسٹ بہت لذیذ تھا۔
Aperfect place for a family dinner,فیملی ڈنر کے لیے ایک بہترین جگہ۔
Worst food,بدترین کھانا
How much is for a day,ایک دن کا کیا کرایہ ہے؟
Good food in very high ratesquantity is Aso very low,بہت زیادہ ریٹ میں اچھا کھانا۔ مقدار آسو بہت کم ہے۔
They should start online delivery service or foodpanda service,انہیں آن لائن ڈیلیوری سروس یا فوڈ پانڈا سروس شروع کرنی چاہیے۔
Nice place for lunch in the SITE area,سائٹ ایریا میں دوپہر کے کھانے کے لیے اچھی جگہ
Who are you going with,تم کس کے ساتھ جا رہی ہو؟
Don’t put a hex on me,مجھ پر بُری نظر مت ڈالو
I have nothing to do with this,مجھے اس سے کوئی فرق نہیں پڑتا۔
Whole chicken is delicious,پورا چکن مزیدار ہوتا ہے
Food is very good along with environment,کھانا ماحول کے ساتھ ساتھ بہت اچھا ہے۔
Wait till seven,سات تک انتظار کریں۔
It was my first experience at Maliks,ملک میں یہ میرا پہلا تجربہ تھا۔
A crowded place for Sunday breakfasts,اتوار کے ناشتے کے لیے ایک پرہجوم جگہ
Go and Play,جاؤ اور کھیلو
The meal was finished by 7,کھانا 7 بجے ختم ہوا۔
Hang you he grinned I make you a King and—Well do it,تمہیں پھانسی دو وہ مسکرایا میں آپ کو بادشاہ بناتا ہوں، اور  ٹھیک ہے، یہ کرو
“Yes but first give me this letter,جی ہاں؛ لیکن پہلے مجھے یہ خط دو
Here is my card,یہ میرا کارڈ ہے
Loved the mutton karahi,مٹن کرہی بہت پسند تھی۔
Fish emitted some sort of strange gas rendering it uneatable,مچھلی نے کچھ عجیب قسم کی گیس خارج کی جو اسے ناقابلِ استعمال بناتی ہے۔
Better taste good service,بہتر ذائقہ اچھی سروس
Good Indian food but not so good fast food,اچھا ہندوستانی کھانا، لیکن اتنا اچھا فاسٹ فوڈ نہیں۔
This is much better than other restaurant on this food street,یہ اس فوڈ اسٹریٹ کے دوسرے ریستوراں سے بہت بہتر ہے۔
Delicious Grill Fish Especially Kukar Fish,مزیدار گرل مچھلی خاص کر کوکر مچھلی
Best for the price,قیمت کے لئے بہترین
Thanks for your courtesy,ہمارا معاشرہ دن بدن بگڑتا جا رہا ہے۔
Recommended for food lovers,کھانے سے محبت کرنے والوں کے لیے تجویز کردہ
No I wont promise but if I find enough material I will,نہیں، میں وعدہ نہیں کروں گا؛ لیکن اگر مجھے کافی مواد مل گیا تو میں کروں گا۔
"Good and fresh food
Their Fish Fillet Grilled was amazing",اچھا اور تازہ کھانا۔ ان کا فش فلیٹ گرلڈ حیرت انگیز تھا۔
Great taste of nihari and best for mutton kabab,نہاری کا بہترین ذائقہ اور مٹن کباب کے لیے بہترین۔
Good food Value for money,اچھا کھانا۔ روپے کی قدر
Awosome place for breakfast specially Nihari Paaye mughaz,ناشتے کے لیے بہترین جگہ، خاص طور پر نہاری، پائے، مغاز
Economical and delicious,اقتصادی اور مزیدار
My mother remarx0002ried,میری ماں نے ریمار کر دیا۔
It was there,یہ وہاں تھا۔
Good food with good service,اچھی سروس کے ساتھ اچھا کھانا
3rd best place to have nihari in town,شہر میں نہاری رکھنے کے لیے تیسری بہترین جگہ
What did you say,آپ نے کیا کہا؟
For food  lovers  bolan restaurant oldest in karachi,کھانے سے محبت کرنے والوں کے لیے بولان ریسٹورنٹ کراچی کا سب سے پرانا
Delecious Nihari,لذیذ نہاری
Good environment Excellent food,اچھا ماحول بہترین کھانا
Be seated please,تشریف رکھیے۔
Old Sapt chuckled and held out his hand,بوڑھے سپت نے قہقہہ لگایا اور اپنا ہاتھ آگے بڑھایا۔
When should I call you,مجھے آپکو کس وقت کال کرنی چاہیے
Most food wasnt available It was ok,زیادہ تر کھانا دستیاب نہیں تھا۔ یہ ٹھیک تھا
Nobody was happy about this,کوئ بھی اس بات پر خوش نہیں تھا۔
Very lash restaurant,بہت لش ریسٹورنٹ
Very good Restaurant within City Center,بہت اچھا ریستوراں، سٹی سینٹر کے اندر
Not a good invierment food qountity is very poor,ایک اچھا invierment نہیں، خوراک کی مقدار بہت غریب ہے
Lovely ambiance delicious food,خوبصورت ماحول مزیدار کھانا
Quality food I love it,معیاری کھانا مجھے یہ پسند ہے۔
"”

“Oh command and I will obey",اوہ، حکم، اور میں اطاعت کروں گا
Do you know how to use a dictionary,اپ کو لغت استعمال کرنا آتی ہے؟
It was good and service 1010,یہ اچھا تھا اور سروس 1010
Very yummy fish but too expensive,مچھلی بہت لذیذ ہے لیکن بہت مہنگی ہے۔
Always be a good opportunist,وقت کسی کا انتظارنہیں کرتا۔
Nycee,نائسی
Kolkata is a big city,کلکتہ ایک بڑا شہر ہے۔
We swim in the sea,ہم سمندر میں تیرتے ہیں۔
Do it if you are bold enough,میں تمہارے منہ پر تھپڑ ماروں گا۔
They entered into a discussion,انہوں نے گفتگو کا آغاز کیا۔
The speciality of Bombay koyla karhai is the mutton koyla karhai,بمبئی کوئلہ کرہائی کی خاصیت مٹن کوئلہ کرہائی ہے۔
How can I help you,میں آپ کی کیسے مدد کر سکتا ہوں ؟
Things are changing so fast it scares me,چیزیں اتنی تیزی سے بدل رہے ہیں کہ مجھے در ہوتا ہے۔
Good food good service cleanliness can we worked on,اچھا کھانا، اچھی سروس، صفائی پر ہم کام کر سکتے ہیں۔
Good place to enjoy BBQ with a bit diversity,تھوڑا سا تنوع کے ساتھ BBQ سے لطف اندوز ہونے کے لیے اچھی جگہ
Good place to visit,دیکھنے کے لیے اچھی جگہ
Tom leads the soccer team,ٹام فٹبال ٹیم کو لیڈ کرتا ہے۔
Im going to Europe next week,میں اگلے ہفتے یورپ جا رہا ہوں۔
Taste is good but please dont use lift  Iift is Soo dangerous,ذائقہ اچھا ہے لیکن براہ کرم لفٹ کا استعمال نہ کریں۔ Iift بہت خطرناک ہے۔
I have lost my bike,میرا موٹرسائکل کھو گیاہے۔
Think of the devil and the devil is here,اس نے منہ توڑ جواب دیا
Please don’t bother,آپ بھلا تو جگ بھلا۔
Im so tired,میں بہت تھکا ہوا ہوں
The food was really goodhighly recommended,کھانا واقعی اچھا تھا  انتہائی سفارش کی گئی تھی۔
Balochi tikka and Dumba Karahi is speciality of khyber shinwari,بلوچی تکہ اور ڈمبا کراہی خیبر شنواری کی خاصیت ہے۔
This place the bussiness,یہ کاروبار کی جگہ ہے۔
Yh5e food quality is not the same as it has been in the past,Yh5e کھانے کا معیار ماضی جیسا نہیں ہے۔
Even though Jacob has done nothing wrong,حالانکہ یعقوب نے کچھ غلط نہیں کیا۔
The peri peri chicken is mouthwatering,پیری پیری چکن منہ میں پانی بھرنے والا ہے۔
Taste is awesome good environment,ذائقہ بہت اچھا ماحول ہے
inflames airways,ایئر ویز کو سوجن
An okay place for eating out,باہر کھانے کے لیے ایک اچھی جگہ۔
Tom is poor but hes happy,ٹام غریب ہے لیکن وہ خوش ہے۔
Rolls and tikka are amazing,رول اور ٹِکا حیرت انگیز ہیں
Girls wear dresses,لڑکیاں کپڑے پہنتی ہیں۔
Please drop me here,مجھے یہاں اتا ر دیں۔
I am weighing myself,میں اپنا وزن کر رہا ہوں۔
Russian is not an easy language,روسی آسان زبان نہیں ہے۔
Who are you,تم کون ہو ؟
Like a fish striking at bait,جیسے مچھلی چارے پر مارتی ہے۔
Vgood breakfast,V اچھا ناشتہ
Food was delicious but the quantity was compromised,کھانا مزیدار تھا لیکن مقدار میں سمجھوتہ کیا گیا تھا۔
Awesome BBQ but not any handdy,بہت اچھے BBQ لیکن کوئی آسان نہیں۔
Bit disappointing,تھوڑا مایوس کن
Drug abuse can change the structure of your brain,منشیات کا استعمال آپ کے دماغ کی ساخت کو بدل سکتا ہے۔
I hate people looking at me,مجھے نفرت ہے لوگ میری طرف دیکھتے ہیں۔
Stay out of this,اس سے دور ہی رہو
Old is gold,نیا نو دن پرانا سو دن
very good in taste,ذائقہ میں بہت اچھا
Wonderful  Delicious,لاجواب اور مزیدار
Stop poking at friends and agencies,دوستوں اور ایجنسیوں پر طنز کرنا بند کریں۔
To Strelsau sire—to the coronation,اسٹریلساؤ، صاحب، تاجپوشی کے لیے۔
“Some girls smoke to stay thin,کچھ لڑکیاں پتلی رہنے کے لیے سگریٹ نوشی کرتی ہیں۔
Switch on the ceiling fan,چھت والا پنکھا چلا دو۔
What do you think might be the underlying issue,آپ کے خیال میں بنیادی مسئلہ کیا ہو سکتا ہے؟
Dont try too hard,اتنی محنت نہ کرو۔
“about 10,تقریباً 10
Ill call her immediately,میں اسے ابھی فون کرتا ہوں۔
Theyre going to watch a film this weekend,وہ اس ہفتے کے آخر میں ایک فلم دیکھنے جا رہے ہیں۔
Tasteless food in townnot even fresh,شہر میں بے ذائقہ کھانا تازہ بھی نہیں۔
So instead why not put your mom at ease,تو اس کے بجائے، کیوں نہ اپنی ماں کو آرام سے رکھیں؟
Im going to write my homework tonight,میں آج رات اپنا ہوم ورک لکھنے جا رہا ہوں۔
❣️,❣️
Verity of food but quiet Expensive in very crowded location,کھانے کی حقیقت لیکن بہت ہجوم والی جگہ پر پرسکون مہنگا
Average food but outstanding service,اوسط کھانا لیکن شاندار سروس
I hate working,مجھے کام کرنے سے نفرت ہے۔
"Good ambiance
Average food",اچھا ماحول اوسط کھانا
Its a good place where you can taste south indian dishes,یہ ایک اچھی جگہ ہے، جہاں آپ جنوبی ہندوستانی پکوان چکھ سکتے ہیں۔
Good food and cooperating staff,اچھا کھانا اور تعاون کرنے والا عملہ
Food is good water behavior is nice,کھانا اچھا ہے پانی کا برتاؤ اچھا ہے۔
Its a good place for families,یہ خاندانوں کے لیے ایک اچھی جگہ ہے۔
Tasty BBQ,مزیدار باربی کیو
People will show her the new buildings,لوگ اسے نئی عمارتیں دکھائیں گے۔
Best fish point,بہترین فش پوائنٹ
Maria what is he reading,ماریہ یہ کیا پڑھ رہی ہے؟
but ICE CREAM was way over priced,لیکن آئس کریم کی قیمت بہت زیادہ تھی۔
You should not smoke at all,آپ کو سگریٹ بلکل ترک کر دینی چاہیے۔
Best taste and quality,بہترین ذائقہ اور معیار
Very good food specialty in Nihari  Prawns,نہاری اور جھینگے میں کھانے کی بہت اچھی خاصیت
Come and see me tomorrow,کل آکر مجھ سے ملنا
Nice service wide menu and tasty dishes,اچھی سروس، وسیع مینو، اور مزیدار پکوان
Excellent service with good food,اچھے کھانے کے ساتھ بہترین سروس۔
Their Balochy Karhai is their signature dish,ان کی بلوچی کرہائی ان کی سگنیچر ڈش ہے۔
Taste better,بہتر ذائقہ
Taste less or basi khana,ذائقہ کم یا باسی کھانا
Should focused more on turn around time,باری باری وقت پر زیادہ توجہ مرکوز کرنی چاہیے۔
Best environment delicious foodfast service,بہترین ماحول، مزیدار کھانا، تیز سروس
Grilled fish is love,گرلڈ مچھلی محبت ہے۔
Reasonable food and value for money,معقول خوراک اور پیسے کی قدر
Good food and ambiance but its overpriced,اچھا کھانا اور ماحول، لیکن اس کی قیمت زیادہ ہے۔
Tom was in heaven,ٹوم فردوس میں تھا۔
And if he produced the King where was he,اور اگر اس نے بادشاہ کو پیدا کیا تو وہ کہاں تھا؟
Borrowed garments never fits well,ادھار کپڑے کبھی بھی اچھی طرح سے فٹ نہیں ہوتے ہیں۔
The wind blowing strong behind us carried the sound,ہمارے پیچھے تیز ہوا چلنے والی آواز کو لے گئی۔
Where is Centaurus,سینٹارس کہاں ہے؟
We can come tomorrow,ہم کل آ سکتے ہیں۔
Good taste but no sitting area,اچھا ذائقہ لیکن بیٹھنے کی جگہ نہیں۔
Good and nice place,اچھی اور اچھی جگہ
You never agree with me,تم مجھ سے اتفاق کبھی نہیں کرتے ہو۔
Hang on a minute,ایک منٹ رکو زرا۔
Comparatively Costly restaurant,نسبتاً مہنگا ریستوراں
The stars fought for us A little girl of fourteen tripped out,ستارے ہمارے لیے لڑے چودہ سال کی ایک چھوٹی لڑکی باہر نکل گئی۔
The name of my city is Jhelum,میرے شہر کا نام جہلم ہے۔
Amazing restaurant,حیرت انگیز ریستوراں
Awesome experience the taste was delicious,بہت اچھا تجربہ ذائقہ مزیدار تھا
Good atmosphere for outside eating,باہر کھانے کے لیے اچھا ماحول
Very nice And good service really tasty food keep it up,بہت عمدہ اور اچھی سروس واقعی مزیدار کھانا اسے جاری رکھیں۔
I waited for Tom for a long time,میں نے ٹام کا کافی دیر انتظار کیا۔
When did you call me,تم نےکب مجھے کال کی؟
And the disciples went  and did as Jesus commanded them,پس شاگِردوں نے جاکر جیسا یِسُوع نے اُن کو حُکم دِیا تھا ویسا ہی کِیا ۔
Best grilled chicken in the city,شہر کا بہترین گرلڈ چکن
nice place for Indian dishes,ہندوستانی پکوان کے لیے اچھی جگہ۔
Excellent Dosa  thali etc,بہترین ڈوسا، تھالی وغیرہ
Not he said Sapt,وہ نہیں، سپت نے کہا۔
Customer service is the main issue i faced,کسٹمر سروس وہ اہم مسئلہ ہے جس کا میں نے سامنا کیا۔
Good Taste cheap Price,اچھا ذائقہ سستی قیمت
His smile had masked his anger,اُس کی مسکراہٹ نے اُس کے غصےپر پردہ ڈال رکھا تھا
Nice place for dine in and takeaway,کھانے اور لے جانے کے لیے اچھی جگہ
Ambiance and the food is amazing,ماحول اور کھانا حیرت انگیز ہے۔
Love this place and food ausome,اس جگہ اور کھانے سے پیار کریں۔
So We would show thee some of Our greatest signs,اس لیے کہ ہم تجھے اپنی بڑی نشانیاں دکھانے والے ہیں
What do you want,آپ کیا چاہتےہیں؟
Very good taste but no proper sitting arrangements,بہت اچھا ذائقہ لیکن بیٹھنے کا کوئی مناسب انتظام نہیں
Historical the original n best,تاریخی،، اصل ن بہترین
May I leave my baggage here until Friday,کیا میں جمعہ تک اپنا اسباب یہاں چھو ڑ سکتا ہوں؟
Very nice place for family,فیملی کے لیے بہت اچھی جگہ
awsome food must try with very affordable price,awsome کھانا بہت سستی قیمت کے ساتھ ضرور آزمائیں
This is world best restaurant,یہ دنیا کا بہترین ریستوراں ہے۔
I dont know what type of people like its Nehari,مجھے نہیں معلوم کہ کس قسم کے لوگ اس کی نہاری کو پسند کرتے ہیں۔
zabardastbest nihari in whole townhygienic and tasty,zabardast پورے شہر میں بہترین نہاری حفظان صحت اور مزیدار
The court adjudged that he was guilty,عدالت نے فیصلہ دیا کہ وہ قصوروار ہے
One of the best barbeque outlets in the city,شہر کے بہترین باربی کیو آؤٹ لیٹس میں سے ایک
"Good Startuo
Superb taste",اچھا Startuo شاندار ذائقہ
We should abolish the death penalty,ہمیں سزائے موت ختم کر دینی چاہئیے۔
Are you hungry,کیا آپ کو بھو ک لگی ہے
remember that it is your choice,یاد رکھیں کہ یہ آپ کا انتخاب ہے۔
Call the ambulance,کیا آپ میری مدد کر سکتے ہیں؟
break fast in Karachi only Nihari,صرف کراچی میں افطار نہاری۔
It may snow,شاید برفباری ہو جائے۔
Very tasty food with the best biriyani in town,شہر کی بہترین بریانی کے ساتھ انتہائی لذیذ کھانا
Great food ordered karahi and barbecue fish Exceptional taste,زبردست کھانا، کراہی اور باربی کیو مچھلی کا آرڈر دیا۔ غیر معمولی ذائقہ
Food is good Management is bad,کھانا اچھا ہے۔ انتظامیہ خراب ہے۔
Good service and clean environment,اچھی سروس اور صاف ماحول۔
Food is good service is satisfactory,کھانا اچھا ہے سروس تسلی بخش ہے۔
Beautiful resturant and delicious foodI love it,خوبصورت ریستوران اور مزیدار کھانا۔ مجھے یہ پسند ہے۔
she feels well,وہ اچھی طرح محسوس کرتا ہے
He went to the station by taxi,وہ ٹیکسی سے سٹیشن چلا گیا۔
the liver,جگر
She is so skeptical,وہ بہت شکی ہے
Loved its bbq specially malai tikka and dehli dhaga kebab,اس کے بی بی کیو، خاص طور پر ملائی ٹِکا اور دہلی دھاگا کباب پسند آئے
superrrrr taste,superrrrr ذائقہ
Great indian cuisine Also quite reasonable,زبردست ہندوستانی کھانا۔ اس کے علاوہ، کافی معقول
I went there for office meeting,میں وہاں آفس میٹنگ کے لیے گیا تھا۔
Chicken Corn soup is very delicious,چکن کارن سوپ بہت لذیذ ہوتا ہے۔
"”

Fernand’s eye darted lightning",فرنینڈ کی آنکھ میں بجلی چمکی۔
Good fish point to eat sitting a bit casual,تھوڑا آرام دہ اور پرسکون بیٹھ کر کھانے کے لئے اچھا مچھلی نقطہ
Stand in line,قطار میں کھڑے ہو جاؤ۔
Many a man suffered at his hands,اس کے ہاتھوں کئی لوگوں نے دکھ اٹھایا۔
Good burgers tasty and huygenic,اچھے برگر سوادج اور خوبصورت
Nice food at economical price,سستی قیمت پر اچھا کھانا
Very good environment for family,خاندان کے لیے بہت اچھا ماحول
Good place for spicy kabab lovers,مصالحے دار کباب کے شائقین کے لیے اچھی جگہ
love the food taste,کھانے کا ذائقہ پسند ہے؟
Marriage asfar,شادی اسفار
Food love,کھانے کی محبت
We raised him up to a high place,اور اسے ہم نے بلند مقام پر اٹھایا تھا
The worst restaurant I have ever visited,بدترین ریستوراں جس کا میں نے کبھی دورہ کیا ہے۔
What are you going to do with yourself,تو اپنے ساتھ کیا کرےگا؟
Always loved it Great service too Keep it up,ہمیشہ اس سے محبت کرتا تھا۔ زبردست سروس بھی۔ اسے جاری رکھیں۔
Mutton and prawn karahis were really good,مٹن اور جھینگے کی کرہیاں واقعی اچھی تھیں۔
Give your friend some space,اپنے دوست کو کچھ جگہ دیں۔
very tasty delicious,بہت مزیدار مزیدار
Very good environment and delicious food,بہت اچھا ماحول اور لذیذ کھانا
"Best food
Pulao and rosht recommend",بہترین کھانا پلاؤ اور روشت تجویز کرتے ہیں۔
How can you avoid ‘shipwreck of your faith’,آپ ’اپنے ایمان کی کشتی کے ٹوٹنے‘ سے کیسے بچ سکتے ہیں؟
Fantastic food in dat area,اس علاقے میں لاجواب کھانا
Good place for breakfast with Nihari,نہاری کے ساتھ ناشتے کے لیے اچھی جگہ
Good taste and Service,اچھا ذائقہ اور سروس
Must try grilled fish,گرلڈ مچھلی ضرور آزمائیں۔
Zameer Ansari in Nazimabad have no good food,ناظم آباد میں ضمیر انصاری کے پاس اچھا کھانا نہیں ہے۔
A caution Do not lace your words with sarcasm,ایک احتیاط اپنے الفاظ کو طنز کے ساتھ نہ باندھیں۔
love this dinner and lunch menu,یہ رات کے کھانے اور دوپہر کے کھانے کے مینو سے محبت کرتے ہیں
We have lost our way,ہم راستہ بھول گئے ہیں۔
Nice place to have Indian Foods,ہندوستانی کھانے کے لیے اچھی جگہ
One of our favorite joints from UAE,متحدہ عرب امارات سے ہمارے پسندیدہ جوڑوں میں سے ایک
Excellent food  the most amazing host,بہترین کھانا اور انتہائی حیرت انگیز میزبان
We fulfill our obligations,ہم نے اپنے فرضوں کو پورا کیا۔
Food is ok  not so special,کھانا ٹھیک ہے اتنا خاص نہیں ہے۔
Nobody was home,گھر پے کوئی نہیں تھا۔
Lovley pleace,لولی پلیز
Work slowly,آرام سے کام کرو۔
Average taste of Sjji,سجی کا اوسط ذائقہ
Good variety of food at affordable price,مناسب قیمت پر کھانے کی اچھی قسم
So We sent it down to the partitioners,یہ اُسی کی طرح کی تنبیہ ہے جیسی ہم نے اُن تفرقہ پردازوں کی طرف بھیجی تھی
We were bored of his behavior,اس کے سلوک سے ہم اکتا گئے۔
You must tell me,تمہیں مجھے بتانا ہوگا۔
Wasted money,پیسہ ضائع کیا۔
Its my pleasure,ی میرے لیے باعد مسرت ہے۔
and to warn those who say God has taken to Himself a son,اور اُن لوگوں کو ڈرا دے جو کہتے ہیں کہ اللہ نے کسی کو بیٹا بنایا ہے
Hhmmmm very tasty n spicy,ہمممم بہت مزیدار اور مسالہ دار
He will reach within a month,وہ ایک ماہ کے اندر پہنچے گا
"Great environment
CL services
Very well test of food",بہترین ماحول CL خدمات کھانے کی بہت اچھی جانچ
From about age 12,اس لیے میری بہن اور میری پرورش بغیر باپ کے ہوئی۔
Good place and food is good but service or waiters are bit dumb,اچھی جگہ اور کھانا اچھا ہے لیکن سروس یا ویٹر تھوڑا سا گونگا ہے۔
Excellent taste of food specially karahi bbq and mandi,کھانے کا بہترین ذائقہ، خاص کر کرہی، بی بی کیو اور منڈی۔
Very expensive place for students,طلباء کے لیے بہت مہنگی جگہ
Ay I wonder responded sapt,ارے، مجھے حیرت ہے sapt جواب دیا
Very bad service,بہت بری سروس
Come with us,ہمارے ساتھ چلو
Be Convinced,قائل ہونا
He has plenty of money,آپ اتنے غصے میں کیوں ہیں؟
My friend lives in Chicago,میرا دوست شکاگو میں رہتا ہے۔
Ants are insects,چیونٹیاں کیڑے مکوڑے ہیں۔
This house is very spacious,یہ گھر کافی بڑا ہے۔
Very bad service  Very disappointing,بہت بری سروس بہت مایوس کن
And a certain woman  which had an issue of blood twelve years,پِھر ایک عورت جِس کے بارہ برس سے خُون جاری تھا ۔
Environment is not very good,ماحول بہت اچھا نہیں ہے۔
Best breakfast experience halwa pori was finest,ناشتے کا بہترین تجربہ، حلوہ پوری بہترین تھی۔
Nice place with timely service,بروقت سروس کے ساتھ اچھی جگہ
Excelkent Taste  Should be open for Luch Hours,بہترین ذائقہ  لچ آورز کے لیے کھلا رہنا چاہیے۔
Grilled fish was not fresh  tried twice and its not upto mark,انکوائری شدہ مچھلی تازہ نہیں تھی، دو بار آزمائی گئی اور نشان تک نہیں ہے۔
I am quitting smoking,میں تمباکونوشی چھوڑ رہا ہوں۔
The ambiance and the food Amazing,ماحول اور کھانا حیرت انگیز
I dont know if I have the time,میں نہیں جانتا اگر میرے پاس وقت ہوا تو ۔
Pray sir do you know our King,دعا کریں جناب، کیا آپ ہمارے بادشاہ کو جانتے ہیں؟
Toms scared,ٹام ڈرا ہوا ہے۔
Fact,حقیقت
Very greasy n overrated,بہت چکنائی اور زیادہ درجہ بندی
Food is Good service is bit slow,کھانا اچھا ہے، سروس تھوڑی سست ہے
One of the finest bihari boti fry,ایک بہترین بہاری بوٹی فرائی
You may finish it how you like,آپ اسے اپنی مرضی کے مطابق ختم کر سکتے ہیں۔
Its good food recommended to all,یہ سب کے لیے تجویز کردہ اچھا کھانا ہے۔
For God’s sake do something,خدا کے لیے کچھ کرو۔
Food was ok,کھانا ٹھیک تھا،
Good place for families for all meals,تمام کھانوں کے لیے خاندانوں کے لیے اچھی جگہ
Quality and quantity of food is very good,کھانے کی کوالٹی اور مقدار بہت اچھی ہے۔
Only restaurant at that place,اس جگہ پر صرف ریستوراں
Affordable with respect to taste,ذائقہ کے لحاظ سے سستی ہے۔
My husband is loving and caring,میرے شوہر بہت پیار کرنے والے اور خیال کرنے والے ہے۔
The food was tasty and inexpensive The service was good,کھانا مزیدار اور سستا تھا۔ سروس اچھی تھی۔
Tom and Mary killed themselves,ٹام اور مریم نے اپنے آپ کو خود قتل کیا۔
He feeds his horse,وہ اپنے گھوڑے کو کھانا کھلاتا ہے۔
Fine taste to have reasonable food,مناسب کھانے کا ذائقہ
O Keeping my curfew,0 میرا کرفیو برقرار رکھنا۔
His mistake was intentional,اس نے یہ غلطی جان بوجھ کے کی ہے۔
Damn your sentiment growled Sapt Come along,لعنت تمہارے جذبات پر گڑگڑا کر ستمبر ساتھ آجاؤ
Comb your hair,اپنے بال کٹھی کر و
Food was very delicious and well cooked,کھانا بہت لذیذ اور اچھی طرح پکا ہوا تھا۔
Give this one to the baby,یہ بچے کو دے دو۔
Thanks for your invitation to dinner,کھانے پر آپ کی دعوت کا شکر ہیں۔
I know you like coffee,مجھے پتہ ہے کہ تمہیں کافی پسند ہے۔
Oh Allah protect them from calamities,اللہ انہیں مشکلات سے بچائے۔
Not try,کوشش نہیں کرنا
I know his name,میں اس کا نام جانتا ہوں۔
Theres something going on between Tom and Mary,ٹام اور مریم کے بیج میں کچھ چل رہا ہے۔
How can you apply that principle,آپ اس اصول کو کیسے لاگو کر سکتے ہیں؟
He give me a bunch of grapes,اس نے مجھے انگوروں کا ایک گچھا دیا۔
Is the service included,کیا اس میں  خد مت کے دام شا مل ہیں؟
I am divorced,میری طلاق ہو چکی ہے۔
Nice dhaba food,اچھا ڈھابہ کھانا۔
Morrel  Son,موریل اینڈ سن
Best food good price,بہترین خوراک اچھی قیمت
Quality of food and serving has gone down Needs improvement,کھانے اور سرونگ کا معیار گر گیا ہے۔ بہتری کی ضرورت ہے۔
Nice food and nice environment Try their chicken jalfrezi,اچھا کھانا اور اچھا ماحول۔ ان کی چکن جلفریزی آزمائیں۔
I like sweet,مجھے میٹھا پسند ہے۔
Youre realistic,آپ حقیقت پسند ہے۔
The question is What is your motive,سوال یہ ہے کہ آپ کا مقصد کیا ہے؟
Dangri Grilled Fish was very delicious awesome,ڈانگری گرلڈ فش بہت لذیذ، لاجواب تھی۔
Will you stay with us when you get back,جب آپ واپس آئیں گے تو کیا آپ ہمارے ساتھ رہیں گے؟
double melt beef burger and pizza fries best,ڈبل پگھل بیف برگر اور پیزا فرائز بہترین
I was lonely so I decided to act like them just so I’d fit in”,میں اکیلا تھا، اس لیے میں نے ان کی طرح کام کرنے کا فیصلہ کیا تاکہ میں فٹ رہوں۔
Good place but expansive,اچھی جگہ لیکن وسیع
Or can you be like Jacob,یا کیا آپ یعقوب کی طرح ہو سکتے ہیں؟
I must finish the report before 8 pm,مجھے یہ ریپورٹ ۸ بجے سے پہلے ختم کرنی ہے۔
ı O True O False b,ı اے سچا اے جھوٹا ب
A good place for grilled chicken wings and chicken burgers,گرلڈ چکن، پنکھوں اور چکن برگر کے لیے ایک اچھی جگہ
Wonderful taste and negative is very good and quite economical,حیرت انگیز ذائقہ اور منفی بہت اچھا اور کافی اقتصادی ہے
Really I don’t believe it,واقعیمجھے یقین نہیں آتا۔
Sasta ha with fantastic tastebest for karahi,لاجواب ذائقے کے ساتھ سستا ہا، کراہی کے لیے بہترین
Amazing foodfastservice great taste and affordable,حیرت انگیز کھانا، تیز رفتار خدمت بہترین ذائقہ اور سستی ہے۔
I can come tomorrow,میں کل آ سکتا ہوں۔
Food was good but service was NOT,کھانا اچھا تھا لیکن سروس نہیں تھی۔
such as,جیسا کہ
Good food value for the money,اچھا کھانا، پیسے کی قدر۔
Roof top restaurant with scrumptious barbeque food,شاندار باربی کیو فوڈ کے ساتھ روف ٹاپ ریستوراں۔
No taste like before,پہلے جیسا ذائقہ نہیں۔
Near from North area,شمالی علاقے سے قریب
Service so slow,سروس اتنی سست ہے۔
If you were Lori’s parent what would you have done and why,اگر آپ لوری کے والدین ہوتے، تو آپ کیا کرتے، اور کیوں؟
Good Restorent,اچھا ریسٹورنٹ
Bullocks are useful animals,بیل مفید جانور ہیں۔
Sapt smoked on for a moment in silence,سپت نے ایک لمحے کے لیے خاموشی اختیار کی۔
Good barbecue,اچھا باربی کیو
I have fallen in love with you,میں آپ کے عشق میں ڈوب چکا ہوں۔
The train was on time today,آج ریل گاڑی پابندی کے ساتھ پہنچ گئی تھی۔
Good food good ambiance reasonable prices 55,اچھا کھانا اچھا ماحول مناسب قیمت۔ 55
Good mutton sajji,اچھی مٹن سجی۔
The best restaurant,بہترین ریستوراں۔
Just an ok place,بس ایک ٹھیک جگہ
Fares should come down,کرایوں میں کمی آنی چاہیے۔
and allow yourself more time for sleep,اور اپنے آپ کو سونے کے لیے مزید وقت دیں۔
How late is the bank open,بینک کتنی دیر تک کھلا ہے؟
I loved it,مجھے یہ پسند آیا
Best place for Sunday family break fast,اتوار کے روز فیملی بریک فاسٹ کے لیے بہترین جگہ
He was running amuck,وہ بھاگ رہا تھا۔
Bolan Katakat Memories  Our Last Lunch together,بولان کاتاکت یادیں ہمارا آخری لنچ ایک ساتھ
Good fish,اچھی مچھلی
Amazing BBQ,حیرت انگیز BBQ
Pakistani local food are available,پاکستانی مقامی کھانے دستیاب ہیں۔
The turban is important in Sikhism,پگڑیاں أہم ہیں سکھ مذہب میں۔
Our class consists of twenty pupil,ہماری کلاس بیس شاگردوں پر مشتمل ہے۔
One of the few Dining place in SITE industrial Area,سائٹ انڈسٹریل ایریا میں کھانے کی چند جگہوں میں سے ایک
Delicious food and very good environment,مزیدار کھانا اور بہت اچھا ماحول
Wait outside,باہر انتظار کرو۔
Cold and tasteless burgers tasteless پھیکا BLC and costly,ٹھنڈا اور بے ذائقہ برگر، بے ذائقہ پھیکا BLC اور مہنگا
Food is very yummy service is slow,کھانا بہت سوادج ہے سروس سست ہے۔
Take too much time to deliver  to provide food,کھانا پہنچانے اور فراہم کرنے میں بہت زیادہ وقت لگائیں۔
But before you light your first,لیکن اس سے پہلے کہ آپ اپنا پہلا روشن کریں۔
Delicious food and excellent enivornment,مزیدار کھانا اور بہترین ماحول
Good food good price,اچھا کھانا اچھی قیمت
Excellent BBQ ambience service  mocktails,بہترین BBQ، ماحول، سروس اور ماک ٹیل
Very tasty and affordable,بہت سوادج اور سستی
Good hotel for middle class families,متوسط ​​گھرانوں کے لیے اچھا ہوٹل
It was very late,بہت دیر ہو چکی تھی۔
"”

“May I have the use of your skiff”

“Certainly",کیا میں آپ کا سکف استعمال کر سکتا ہوں؟ یقیناً
Nice place 100 taste,اچھی جگہ 100 ذائقہ
Worst taste of all,سب سے برا ذائقہ۔
Better place in site area,سائٹ ایریا میں بہتر جگہ
Yummiest bbq and spicy fish,سوادج بی بی کیو اور مسالیدار مچھلی
Nice restaurant in dirty area,گندے علاقے میں اچھا ریستوراں
GOOD TASTE FOR ALL FOOD  I LIKE IT,تمام کھانے کے لیے اچھا ذائقہ، مجھے یہ پسند ہے۔
We are coming tomorrow morning,ہم کل صبح آرہے ہیں۔
The food was okay not great but not bad either,کھانا ٹھیک تھا، اچھا نہیں تھا لیکن برا بھی نہیں تھا۔
The horse kicked the boy,گھوڑے نے لڑکے کو لات ماری۔
The ground is wet after rain,زمین بارش کے بعد گیلی ہو چکی ہے۔
Will you lend me your dictionary,کیا آپ اپنی لغت ادھار دے سکتے ہے؟
"Great taste Specially mutton
And have good service",بہت اچھا ذائقہ خاص طور پر مٹن۔ اور اچھی سروس ہے
Great experience taste was too good,بہت اچھا تجربہ، ذائقہ بہت اچھا تھا۔
Good place for live cooking and also ideal for kids,لائیو کھانا پکانے کے لیے اچھی جگہ اور بچوں کے لیے بھی مثالی۔
He employed a new maid,اس نے ایک نئی نوکرانی رکھ لی۔
Have you something better,کیا کوئ بہتر کمرہ ہے؟
Awesome quality good quantity great taste,بہت اچھا معیار، اچھی مقدار، عظیم ذائقہ
Very bad staff,بہت برا عملہ
Dont disturb yourself,اپنے آپ کو پریشان نہ کریں۔
Extraordinary fresh fish,غیر معمولی تازہ مچھلی
The baseball game was called off due to rain,بیس بال کھیل بارش کی وجہ سے ملتوی کر دیا گیا۔
It has no view,اس سے کوئ منظر دکھا ئ نہیں دیتا۔
The man wont know the answer,آدمی کو اس کا جواب نہیں معلوم ہوگا۔
Love the food but the services are pathetic,کھانا پسند ہے لیکن خدمات قابل رحم ہیں۔
Rolls boti tikka are love,رولز بوٹی ٹِکا پیار ہیں۔
Kababs their speciality,کباب ان کی خاصیت ہے۔
Great place for karahi only,صرف کراہی کے لیے بہترین جگہ
You are so slacker,بہت کام چور ہو تم۔
Food are Ossam,خوراک آسام ہیں۔
I have to go to the bathroom,مجھے غسلخانہ جانا ہے
Should train there waiters for better coordination,بہتر کوآرڈینیشن کے لیے وہاں ویٹروں کو تربیت دینی چاہیے۔
Every dish have different tastethaba style,ہر ڈش کا ذائقہ مختلف ہوتا ہے تھابا کا انداز
Cool n calm hygienic environment Nice taste of food,ٹھنڈا اور پرسکون حفظان صحت کا ماحول۔ کھانے کا اچھا ذائقہ۔
I remarked on it in a joking tone,میں نے طنزیہ لہجے میں اس پر تبصرہ کیا۔
I bought three dozen oranges,میں نے تین درجن سنترے خریدے۔
Fair,منصفانہ
Not a good place to dine Food was ok very less quantity,کھانے کے لیے اچھی جگہ نہیں ہے۔ کھانا ٹھیک تھا بہت کم مقدار میں
Exercise,ورزش
Food is good Chinese specially,کھانا اچھا ہے، خاص طور پر چینی۔
The King breathed loudly and heavily,بادشاہ نے زور زور سے سانس لیا۔
Very disappointing no quality of food,کھانے کا کوئی معیار بہت مایوس کن ہے۔
I thought things would change,مجھے لگا کہ حالت بدلےگا۔
“Eh eh eh” stammered Caderousse,آہ، آہ، آہ ہچکچاتے کیڈروس
Vip good vip place,وی آئی پی اچھی وی آئی پی جگہ
I shall go for a swim,میں تیراکی کے لیے جاؤں گا۔
Thats grapes,وہ انگور
I tried seekh kabab  taste was not good,میں نے کباب تلاش کرنے کی کوشش کی، ذائقہ اچھا نہیں تھا۔
AMBIANCE  AND TASTE,ماحول اور ذائقہ
She has a brother,اس کا ایک بھائی ہے۔
Ambience was not that good but food is good,ماحول اتنا اچھا نہیں تھا لیکن کھانا اچھا ہے۔
Good place to dine in with quality food,معیاری کھانے کے ساتھ کھانے کے لیے اچھی جگہ
Good taste and quick catering,اچھا ذائقہ اور فوری کیٹرنگ
Little expensive from market,بازار سے تھوڑا مہنگا
He goes running every morning,وہ ہر صبح دوڑتا ہے۔
Finest bbq of Karachi Delhi Walas Certified,کراچی کا بہترین بی بی کیو۔ دہلی والا سرٹیفائیڈ
Love the Food,کھانے سے محبت کریں۔
Money changes people,پیسہ لوگوں کو بدل دیتا ہے۔
Good place for dinner,رات کے کھانے کے لیے اچھی جگہ
Strongly recommend freh and tasty food I have ever eaten,سختی سے تازہ اور مزیدار کھانے کی سفارش کرتا ہوں جو میں نے کبھی کھایا ہے۔
You can get mouth watering Kababs parathas and halwa,آپ منہ میں پانی بھرنے والے کباب، پراٹھے اور حلوہ لے سکتے ہیں۔
Have you a reservation,کیا آپ نے مخصو ص کرا لیا ہے؟
“Speak truth each one of you with his neighbor”,’’تم میں سے ہر ایک اپنے پڑوسی سے سچ بولے۔‘‘
They said Have we not forbidden thee all beings,وہ بولے کیا ہم بارہا تمہیں منع نہیں کر چکے ہیں کہ دنیا بھر کے ٹھیکے دار نہ بنو؟
Nicely served fresh fish,اچھی طرح سے تازہ مچھلی پیش کی گئی۔
Something different than Bar B Que Tonight,بار بی کیو ٹونائٹ سے کچھ مختلف
They arrived at six oclock,وہ چھ بجے پہنچے۔
Fred is always telling lies,فریڈ ہمیشہ جھوٹ بولتا ہے۔
Your friend can lend you the money,مجھے یقین ہے کہ یہ کتا مجھے کاٹ لے گا۔ اوہ نہیں، یہ
Lovely Taste️,خوبصورت ذائقہ️
People gave the queen warm welcome,لوگوں نے ملکہ کا پرتپاک استقبال کیا۔
Now the game is over,اب تو کھیل ختم ہوچکا ہے۔
Come come I repeated impatiently,آو آو میں نے بے صبری سے دہرایا۔
Fritz did as he was bid,فرٹز نے ویسا ہی کیا جیسے اسے بولی تھی۔
Nahari specialist,نہاری ماہر
Nice food specially shahi handi it is a must try,اچھا کھانا، خاص طور پر شاہی ہانڈی یہ ضرور آزمانا ہے۔
Good but not exceptional,اچھا لیکن غیر معمولی نہیں۔
Good and tasty ambiance should improve,اچھا اور لذیذ ماحول بہتر ہونا چاہیے۔
Above Avg,اوسط سے اوپر
It was good but quantity was very less as compare to the price,یہ اچھا تھا لیکن قیمت کے مقابلے میں مقدار بہت کم تھی۔
Supreme quality and taste live BBQ,اعلی معیار اور ذائقہ لائیو BBQ
Great restaurant,زبردست ریستوراں۔
Id rather die than give up,مین ہار ماننے سے مرنا مناسب سمجھتا ہوں۔
I need help with this stuff,مجھے اس سے مدد کی ضرورت ہے۔
Delicious fish ever,کبھی بھی مزیدار مچھلی۔
Best BBQValue for MoneyScrumptious,بہترین باربی کیوپیسے کی قدربہترین
Brain masala awsome,دماغی مسالہ زبردست
Love it,اس سے پیار کریں
Just good,بس اچھا
Pathetic food Only Nihari is good,قابل رحم کھانا۔ صرف نہاری اچھی ہے۔
Good environment and tasty dishes,اچھا ماحول اور لذیذ پکوان
over crowd and too place not comfortable sevice very baad,زیادہ ہجوم اور جگہ جگہ آرام دہ نہیں سروس بہت بری
Awesome food good ambience and service was great,بہت اچھا کھانا، اچھا ماحول اور سروس بہت اچھا تھا
Granges are good to eat,گرینجز کھانے میں اچھے ہیں۔
Good place for family dinner food is Ok,فیملی ڈنر کے لیے اچھی جگہ ٹھیک ہے۔
Thats a dull grammar youre reading isnt it,یہ ایک مدھم گرامر ہے جسے آپ پڑھ رہے ہیں، ہے نا؟
Family  restaurant,فیملی ریستوراں
No space for sitting that are the negetive point,بیٹھنے کے لیے جگہ نہیں جو کہ منفی نقطہ ہے۔
Good place for Bar B Q items,بار بی کیو آئٹمز کے لیے اچھی جگہ
Awesome but food delivery took longer than mentioned,زبردست لیکن کھانے کی ترسیل میں ذکر سے زیادہ وقت لگا
O Being financially responsible,0 مالی طور پر ذمہ دار ہونا۔
Wheres the food,کھانا کہاں ہے؟
Thanks,شکریہ
Used to be good Have not been there recently,اچھا ہوا کرتا تھا۔ حال ہی میں وہاں نہیں گئے ہیں۔
Nehari is good but service is seriasly bad,نہاری اچھی ہے لیکن سروس بہت بری ہے۔
Its not a very big house,یہ کوئی بہت بڑا گھر نہیں ہے۔
Economiacal and best food Ambiance is zabardast,معاشی اور بہترین کھانا۔ ماحول خوش آئند ہے۔
Tasteless food,بے ذائقہ کھانا
Don’t Be Duped Each year,ہر سال دھوکہ نہ کھائیں۔
Your mother will be back before long,تمہاری ماں بس راستے میں ہو گی۔
The wood was dense up to the very edge of the road,سڑک کے بالکل کنارے تک لکڑی گھنی تھی۔
I cannot understand,میں نہیں سمجھ سکا۔
Very nice restaurants  gyms  there,وہاں بہت اچھے ریستوراں اور جم ہیں۔
A good place for fresh food and with taste,تازہ کھانے اور ذائقے کے ساتھ ایک اچھی جگہ
Awesome beef karahi,لاجواب بیف کراہی۔
Can you speak English,کیا آپ انگریزی بول سکتے ہیں؟
Good for friends,دوستوں کے لیے اچھا ہے۔
Good for desi items,دیسی اشیاء کے لیے اچھا ہے۔
O Finishing chores,0 کام ختم کرنا۔
We said O fire be coolness and safety for Abraham,ہم نے کہا اے آگ، ٹھنڈی ہو جا اور سلامتی بن جا ابراہیمؑ پر
He has got to go now,اسے اب جانا ہے۔
Look it up on the internet,انٹرنیٹ پر تلاش کر لو
What has sped thee far from thy people Moses,اور کیا چیز تمہیں اپنی قوم سے پہلے لے آئی موسیٰؑ؟
I love her,میں اس سے پیار کرتا ہوں۔
Its yummy as always need to get better in services,یہ مزیدار ہے جیسا کہ ہمیشہ خدمات میں بہتر ہونے کی ضرورت ہے۔
Look up the chimney,چمنی کو دیکھو۔
Nice place to be specially upstairs,رہنے کے لیے اچھی جگہ، خاص طور پر اوپر
He leaves at six,وہ چھ بجے چلا جاتا ہے۔
Will you explain problem to me,کیا آپ مجھے مسئلہ بتائیں گے؟
No delicious food,کوئی لذیذ کھانا نہیں۔
Bad service,بری سروس۔
There is no room in this train,اس گاڑی میں کوئی جگہ نہیں ۔
I couldnt keep from snickering,میں ہنسے بغیر نہیں رہ سکتی تھی۔
Tasty food especially fish of all kinds Reasonable rates,لذیذ کھانے خصوصاً ہر قسم کی مچھلی۔ مناسب نرخ۔
Cool n calm hygienic environment,ٹھنڈا اور پرسکون حفظان صحت کا ماحول
Best Nihari you can find in Karachi,بہترین نہاری جو آپ کو کراچی میں مل سکتی ہے۔
Good food but no proper sitting arrangement,کھانا اچھا لیکن بیٹھنے کا مناسب انتظام نہیں۔
“I don’t trust you enough to confide in you,لیکن آپ کے والدین سنتے ہیں
Great food with good price and quantity,اچھی قیمت اور مقدار کے ساتھ زبردست کھانا
No proper sitting area for family,فیملی کے لیے بیٹھنے کی جگہ نہیں ہے۔
Very good place,بہت اچھی جگہ
Delicious Food Excellent Staff and beautiful Venue,مزیدار کھانا بہترین عملہ اور خوبصورت مقام
Never message me,مجھے کبھی میسج نہ کرنا
Tasty however a bit over priced,سوادج، تاہم قدرے زیادہ
Lovely Food specially fry kabab,پیارا کھانا خاص طور پر کباب بھونیں۔
"”

The owner did not wait for a second invitation",مالک نے دوسری دعوت کا انتظار نہیں کیا۔
I wont spare you,وہ وعدے کا پکا ہے
These men are the wisest people of the tribe,یہ لوگ قبیلے کے سب سے دانشمند لوگ ہیں۔
Famous for its BBQ,اپنے BBQ کے لیے مشہور ہے۔
Chicken Makhni was good the rest was average,چکن مکھنی اچھی تھی، باقی اوسط درجے کی تھی۔
The food was very good but the order took a bit long to arrive,کھانا بہت اچھا تھا لیکن آرڈر پہنچنے میں تھوڑا وقت لگا
Was good but i think prices are lil bit high,اچھا تھا لیکن مجھے لگتا ہے کہ قیمتیں بہت زیادہ ہیں۔
Desi test,دیسی ٹیسٹ
The room is dark,کمرے سیاہ ہے۔
Too coastly,بہت ساحلی ۔
What do you think Miss West,آپ کا کیا خیال ہے، ویسٹ صاحبہ؟
Best Bar B Q in town,شہر میں بہترین بار BQ
Good place to have kebab fry kabab,کباب کھانے کے لیے اچھی جگہ کباب بھونیں۔
Good food good taste good quality and parking space,اچھا کھانا اچھا ذائقہ اچھا معیار اور پارکنگ کی جگہ
It does not matter,کوئی بات نہیں
Pathetic behavior of waiters and manager mohsin,ویٹر اور منیجر محسن کا قابل رحم رویہ
Toms fast,ٹام تیز ہے۔
Outstanding service and food also,شاندار سروس اور کھانا بھی
What sort of assurance can you provide,آپ اس چیز کی کیا  ضمانت دیتے ہیں۔
They are big wig,وہ بڑے وگ ہیں
Excellent place for Nihari lovers,نہاری سے محبت کرنے والوں کے لیے بہترین جگہ
Why did you write the exercise in pencil,میں نے اسے پچھلے ہفتے بلیک بورڈ پر لکھا تھا۔
No one has drunk out of this glass,اس گلاس سے کسی نے نہیں پیا ہے
I eat a lot of meat,میں کافی زیادہ گوشت کھاتا ہوں۔
Far be it from me to contradict the King said I,میں نے کہا کہ بادشاہ کی مخالفت کرنا مجھ سے دور ہے۔
"Very Good Restaurant
NEHARI AND PAYA WAS A AMAZING",بہت اچھا ریستوراں نہاری اور پیا ایک حیرت انگیز تھا۔
Go upwards,اوپر جائیں۔
Every thing is perfect,ہر چیز کامل ہے۔
This chair has been mended,اس کرسی کو ٹھیک کر دیا گیا ہے۔
Taste was good but the service is poor,ذائقہ اچھا تھا، لیکن سروس غریب ہے
According to the Italians translators are traitors,اطالویوں کے مطابق، مترجمان غدار ہوتے ہیں۔
No need to go to kemari  bring your family here,کیماڑی جانے کی ضرورت نہیںاپنی فیملی کو یہاں لے آؤ
He plays football everyweek,وہ ہر ہفتے فٹ بال کھیلتا ہے۔
When will you pay the debt,تم قرض کب ادا کرو گے؟
Who’ll foot the bill,بل کو کون کرے گا۔
Best food cooperative staff,بہترین خوراک، کوآپریٹو عملہ
Nice taste but not suitable for family,اچھا ذائقہ لیکن خاندان کے لیے موزوں نہیں ہے۔
Youre very special,تم بہت خاص ہو
great bbq try you will definitely love i its extremely awesome,عظیم بی بی کیو کوشش کریں آپ یقینی طور پر مجھے پسند کریں گے یہ انتہائی زبردست ہے۔
You are adorable and I love you,آپ بہت پیاری ہو اور میں آپ سے پیار کرتا ہوں۔
Good taste but low in quantity,ذائقہ اچھا لیکن مقدار میں کم
Thats a nice place and nice taste,یہ ایک اچھی جگہ اور عمدہ ذائقہ ہے۔
Hight rate with normal test,نارمل ٹیسٹ کے ساتھ ہائی ریٹ۔
Too good best quality food,بہت اچھا بہترین معیار کا کھانا
What’s the day today,آج کونسا دن ہے؟
“Pardieu” said Villefort “he is a noble fellow,پارڈیو ویلفورٹ نے کہا، وہ ایک شریف آدمی ہے۔
Excellent ambiance very good quality food,بہترین ماحول، بہت اچھے معیار کا کھانا
You dont look so good,تم کافی بیمار لگ رہے ہو۔
Food is good but alot of ret,کھانا اچھا ہے لیکن ریٹ بہت ہے۔
Taste is amazing The best alternative to Nandos in Karachi imo,ذائقہ حیرت انگیز ہے کراچی میں نندوز کا بہترین متبادل imo۔
It wasnt long,یہ طویل نہیں تھا
MASHAALLAH NICE EXPERIENCE,ماشاءاللہ اچھا تجربہ ہے۔
Dosa are Best,ڈوسا بہترین ہیں۔
You have a beautiful name,بہت خوبصورت نام ہے تمہارا۔
We hardly realize how important it is,ہمیں کبھی کبھی احساس ہوتا ہے کہ یہ کتنا ضروری ہے۔
even such men as are patient and put their trust in their Lord,جنہوں نے صبر کیا ہے اور جو اپنے رب کے بھروسے پر کام کر رہے ہیں کہ کیسا اچھا انجام اُن کا منتظر ہے
Normal but expensive food,عام لیکن مہنگا کھانا
Food was too good but place was very hot,کھانا بہت اچھا تھا لیکن جگہ بہت گرم تھی۔
Vip place,وی آئی پی جگہ
Food was delicious and specially Thali serving,کھانا مزیدار تھا اور خاص طور پر تھالی پیش کی گئی۔
Never going to visit this place ever,اس جگہ پر کبھی نہیں جانا
Excellent food  clean place  value for money,بہترین کھانا صاف ستھری جگہ پیسے کی قدر
Do you want to leave home to get away from problems,کیا آپ مسائل سے بچنے کے لیے گھر چھوڑنا چاہتے ہیں؟
Every thing is excellent but their pasta is not that much good,ہر چیز بہترین ہے لیکن ان کا پاستا اتنا اچھا نہیں ہے۔
BBQ and Karhai are awesome Nihari is average,BBQ اور Karhai بہت اچھے ہیں۔ نہاری اوسط ہے۔
And then came the Duke of Strelsau,اور پھر ڈیوک آف اسٹریلساؤ آیا۔
They told the new student where to sit,انہوں نے نئے طالب علم کو بتایا کہ کہاں بیٹھنا ہے۔
Best for mutton qorma,مٹن قورمہ کے لیے بہترین
Food is good but catering not well,کھانا اچھا ہے لیکن کیٹرنگ ٹھیک نہیں ہے۔
Good sajji,اچھا سجی۔
No good food no good atmosphere and very poor service,اچھا کھانا نہیں، اچھا ماحول نہیں اور انتہائی ناقص سروس
WHAT is binge drinking,بینج پینا کیا ہے؟
I have to give my exam,مجھے اپنا امتحان دینا ہے۔
"”

“I have found already",’’میں نے پہلے ہی ڈھونڈ لیا ہے۔
Mutton peshawari karahi is must have,مٹن پشاوری کراہی ضرور ہونی چاہیے۔
and even your pets,اور یہاں تک کہ آپ کے پالتو جانور بھی
French is their mother tongue,فرانسیسی ان کی مادری زبان ہیں۔
Good place for hangouts,hangouts کے لیے اچھی جگہ
Nice to have family dinners,فیملی ڈنر کر کے اچھا لگا
Good for food and relaxing,کھانے اور آرام کرنے کے لیے اچھا ہے۔
Uniquely tasteful food,منفرد ذائقہ دار کھانا
"Mashaalah so delicious dishes
With excellent service",ماشاءاللہ بہت لذیذ پکوان بہترین سروس کے ساتھ
home made dessert is must,گھر کی میٹھی ضروری ہے
Fresh and good taste,تازہ اور اچھا ذائقہ
Worst management in KTown period,KTown میں بدترین انتظام، مدت
This is a good place to get desi food with air conditioning,ایئر کنڈیشنگ کے ساتھ دیسی کھانا حاصل کرنے کے لیے یہ ایک اچھی جگہ ہے۔
Dellisus teasty food in town,شہر میں ڈیلیسس ذائقہ دار کھانا
Best place for indian food especially dosa and thali,ہندوستانی کھانے خصوصاً ڈوسا اور تھالی کے لیے بہترین جگہ
Foods are good but I think expensive,کھانے اچھے ہیں لیکن میرے خیال میں مہنگے ہیں۔
Tastless indian food but burgers were good,بے ذائقہ ہندوستانی کھانا لیکن برگر اچھے تھے۔
Why did he run away,وہ بھاگا کیوں؟
Cheese loader best tha,پنیر لوڈر بہترین تھا
Maybe were gonna work,شاید ہم کام کریں۔
I wont bore you with the details,میں تمہیں دیادہ تفصیل بتا کے بور نہیں کرو گی۔
Grill Prawns was too delicious,گرل جھینگے بہت لذیذ تھے۔
They need to work hard on taste and quality and also service,انہیں ذائقہ اور معیار اور خدمت پر بھی سخت محنت کرنے کی ضرورت ہے۔
good food but setting area is not so  good,اچھا کھانا لیکن سیٹنگ ایریا اتنا اچھا نہیں ہے۔
delicious koyla karahi and qeema taste,مزیدار کوئلہ کراہی اور قیمے کا ذائقہ
“Whenever I want to go out” says 16yearold Iliana,16 سالہ الیانا کہتی ہیں، ’’میں جب بھی باہر جانا چاہتی ہوں۔
Nihari was excellent Bar BQ tikka was also awesome,نہاری بہترین تھی۔ بار بی کیو ٹِکا بھی لاجواب تھا۔
What’s wrong with binge drinking,بینگ پینے میں کیا حرج ہے۔
Good place for lunch of office staff,دفتری عملے کے لنچ کے لیے اچھی جگہ
In Starting Awesome Flavour and Quantity,زبردست ذائقہ اور مقدار شروع کرنے میں
I think not Your Highness,مجھے نہیں لگتا، عالیہ
Went twice for sehrilate night dinner,سحری دیر رات کے کھانے کے لیے دو بار گیا۔
Vvip satup for food,کھانے کے لیے وی وی آئی پی سیٹ اپ
Go for the Shahi Chatak Boti nothing else matters,شاہی چتک بوٹی کے لیے جائیں، کسی اور چیز سے فرق نہیں پڑتا۔
Good place neet and clean environment,اچھی جگہ اور صاف ستھرا ماحول
Nice place to have Pakistani BBQ,پاکستانی BBQ رکھنے کے لیے اچھی جگہ
Excellent quality food Each and every dish was well prepared,بہترین معیار کا کھانا۔ ہر ڈش اچھی طرح تیار کی گئی تھی۔
I was tired so I went to bed,میں تھکا ہوا تھا اسی لئے میں سونے چلا گیا۔
Amazing and awesome,حیرت انگیز اور زبردست
No proper sitting area for family Over all taste is good,فیملی کے لیے بیٹھنے کی کوئی مناسب جگہ نہیں ہے ہر چیز کا ذائقہ اچھا ہے۔
Worst place for eating All dishes are smelly,کھانے کے لیے بدترین جگہ تمام پکوان بدبودار ہیں
First and a very bad experience from here,یہاں سے پہلا اور بہت برا تجربہ
Its great of you that you stopped for me,آپ کی نوازش ہے کہ آپ میرے لیے رکے۔
Bring us two orders of soup,ہمیں دو پلیٹ شو ر بے کی دیجئے
Nice sea food restaurant I have ever seenwonderful taste,اچھا سی فوڈ ریستوراں جو میں نے کبھی دیکھا ہے شاندار ذائقہ
He and only he knows the whole truth,وہ اور صرف وہ ہی پوری سچائی جانتا ہے۔
Place was nice neat  clean Food is average not so good,جگہ اچھی، صاف ستھری تھی، کھانا اوسطاً اتنا اچھا نہیں ہے۔
Good food good service nice place to be with Ur family,اچھا کھانا اچھی سروس اُر فیملی کے ساتھ رہنے کے لیے اچھی جگہ
This is good place for dinein with family or functions,یہ فیملی یا فنکشنز کے ساتھ کھانے کے لیے اچھی جگہ ہے۔
Good freshly made food,اچھا تازہ بنایا ہوا کھانا
Test Foods  Awesome Peoples,ٹیسٹ فوڈز اور زبردست لوگ
Specialist in Mutton chops and I enjoyed here with my Family,مٹن چپس کے ماہر اور میں نے اپنی فیملی کے ساتھ یہاں لطف اٹھایا۔
Delicious and clean food,مزیدار اور صاف ستھرا کھانا
Quality of taste amazing I highly recommended,ذائقہ کا معیار حیرت انگیز ہے جس کی میں نے سفارش کی ہے۔
Testy and healthy food,ٹیسٹ اور صحت بخش کھانا
Alif Lam Ra Those are the signs of the Manifest Book,ا، ل، ر یہ اُس کتاب کی آیات ہیں جو اپنا مدعا صاف صاف بیان کرتی ہے
Must try delicious food,مزیدار کھانے ضرور آزمائیں
Thats probably just a coincidence,شاید وہ صرف توارد ہے۔
Dont get up,اٹھو نہیں
It was great experience with Tandoor,تندور کے ساتھ یہ بہت اچھا تجربہ تھا۔
Food is not good,کھانا اچھا نہیں ہے۔
” This joke elicited a fresh burst of applause,اس لطیفے نے تالیوں کی ایک تازہ لہر کو جنم دیا۔
My youngest brother at binoria restaurant,بنوریا ریستوراں میں میرا سب سے چھوٹا بھائی
Not satisfied with food spice there is no normal spice flavor,کھانے کے مسالے سے مطمئن نہیں، مصالحے کا کوئی عام ذائقہ نہیں ہے۔
“Waiter” said Danglars “pen ink and paper,ویٹر، ڈینگلر نے کہا، قلم، سیاہی اور کاغذ
Tasteless overpriced food with lack of ventilation,وینٹیلیشن کی کمی کے ساتھ بے ذائقہ زیادہ قیمت والا کھانا
O Being punctual,0 وقت کا پابند ہونا۔
He cant speak English can he,اود انگلش نہیں بول سکتا ، ہے نا
I would like to say that,میں یہ کہنا چا ہوں گا کہ۔۔۔
Food is amazing,کھانا حیرت انگیز ہے۔
Nothing beats the bbq from Zamir Ansari,ضمیر انصاری کی طرف سے بی بی کیو کو کچھ نہیں مارتا
Good grilled peri wings,اچھی گرلڈ پیری ونگز
Is it late,کیا دیر ہوگئی ہے۔
Having good taste and pocket friendly as well,اچھا ذائقہ اور جیب دوست بھی
And now what,اور اب کیا؟
Lash push tasty khanaa,لذیذ کھنہ لش دھکا
Fine but slow,ٹھیک لیکن سست
Speak out,بولو۔
You had far better stay here,بہتر ہے کہ تم یہی رک جائو۔
The house is vacant,یہ گھر خالی ہے۔
"Food is nice
But the place is dirty Its not clean",کھانا اچھا ہے۔ لیکن جگہ گندی ہے۔ یہ صاف نہیں ہے۔
Good economical place Tasty food,اچھی اقتصادی جگہ۔ مزیدار کھانا
"greet food
great service",کھانے کی عظیم خدمت کو سلام
Nice breakfast place with family offering dine in,فیملی کے ساتھ ناشتے کی عمدہ جگہ جس میں کھانے کی پیشکش ہے۔
The makhni handi was too good there and the services were on par,وہاں مکھنی ہانڈی بھی اچھی تھی اور خدمات بھی برابر کی تھیں۔
Good for small dinners,چھوٹے کھانے کے لیے اچھا ہے۔
Lo quality food,لو معیاری کھانا
Anna is twelve years old,آنا بارہ سال کی ہیں۔
Not as good as we have thought,اتنا اچھا نہیں جتنا ہم نے سوچا ہے۔
yesterday we made plan of grand dawat here,کل ہم نے یہاں عظیم الشان دعوت کا منصوبہ بنایا
Light a fire in the sitttingroom,بیٹھنے کے کمرے میں آگ جلائیں۔
The Bible warns that if you overdrink,بائبل خبردار کرتی ہے کہ اگر آپ زیادہ پیتے ہیں۔
Best Chicken chow main ever,اب تک کا بہترین چکن چاؤ مین
One of the best and most delicious food Ive eat after long time,ایک بہترین اور لذیذ کھانا جو میں نے طویل عرصے کے بعد کھایا ہے۔
Now they have a better family hall very nive,اب ان کے پاس ایک بہتر فیملی ہال بہت اچھا ہے۔
Delicious food and prices are very low,لذیذ کھانے اور قیمتیں بہت کم ہیں۔
Why did you stop only the foreigners,آپ نے صرف غیرملکیوں کو کیوں روکا؟
Great place for both lunch and dinner,لنچ اور ڈنر دونوں کے لیے بہترین جگہ
Best Nihari in karachi,کراچی میں بہترین نہاری۔
Love it awsome n delicious food,اسے بہت اچھا اور مزیدار کھانا پسند ہے۔
“Sometimes I’ll talk to him for a while and then he’ll say ‘,"کبھی کبھی میں تھوڑی دیر اس سے بات کروں گا اور پھر وہ کہے گا،x000D
میں معافی چاہتا ہوں، کیا آپ مجھ سے بات کر رہے تھے؟x000D
 سوال اگر لیہ کو واقعی کسی مسئلے پر بات کرنے کی ضرورت ہو تو کیا ہوگا؟x000D
اس کے پاس کم از کم تین اختیارات ہیں۔x000D
اگر آپ کو کسی مسئلے کے بارے میں اپنے والدین والدین کے ساتھ بیٹھ کر بات کرنا مشکل لگتا ہے۔x000D
جب آپ ایک ساتھ چل رہے ہوں، گاڑی چلا رہے ہوں یا خریداری کر رہے ہوں تو اس معاملے پر بات کریں۔x000D
آپ کے والدین بات کرنا چاہتے ہیں، لیکن آپ ایسا نہیں کریں گے۔x000D
اسکول میں سخت دن کے فوراً بعد سوالات کا نشانہ بننے سے بدتر کوئی چیز نہیں ہے۔"
And he looked round about to see her that had done this thing,اُس نے چاروں طرف نِگاہ کی تاکہ جِس نے یہ کام کِیا تھا اُسے دیکھے ۔
That was great,یہ بہت اچھا تھا۔
Environment and food service is outstanding,ماحولیات اور کھانے کی خدمت شاندار ہے۔
Awesome katakat avail here people u must visit,یہاں لوگوں کو آپ کو ضرور جانا چاہیے۔
Nice Taste of Karachi,کراچی کا خوبصورت ذائقہ
Amazing taste 1010,حیرت انگیز ذائقہ 1010
I remember having seen him somewhere before,مجھے یاد ہے کہ میں نے اسے کہیں پہلے دیکھا ہوا ہے۔
Excellent taste perfect ambiance,بہترین ذائقہ، کامل ماحول
"Delicious dishes
Specially karahi",مزیدار پکوان خاص طور پر کراہی۔
Reading is a great enjoyment to him,کتابیں پڑھ کے اسے بہت خوشی ملتی ہے۔
The test never can beat anyone,امتحان کبھی کسی کو ہرا نہیں سکتا
and you’ll likely develop a persistent cough,اور آپ کو مستقل کھانسی ہونے کا امکان ہے۔
Great taste Do try barbque platter,بہت اچھا ذائقہ باربکیو پلیٹر آزمائیں۔
Don’t beat up,مار پیٹ نہ کرو۔
Taste was great,ذائقہ بہت اچھا تھا۔
Good and testy food,اچھا اور ٹیسٹ کھانا
super,سپر
If not now when,اب نہیں تو، کب؟
Beef koyla karahi was awesome,بیف کوئلہ کراہی لاجواب تھا۔
Best mutton karhie,بہترین مٹن کڑھی۔
Not a good experience,اچھا تجربہ نہیں ہے۔
3rd Floor open to sky is the place for family dine in,تیسری منزل آسمان پر کھلی فیملی کے کھانے کی جگہ ہے۔
Pakistan,پاکستان
This apple tastes very sour,اس سیب کا ذائقہ بہت کڑوا ہے۔
Quality of food and serving has gone down,کھانے اور سرونگ کا معیار گر گیا ہے۔
Best hy,بہترین ہائے
Very bed service rude behavior,بہت بستر کی خدمت، بدتمیز سلوک۔
I will help you  the doctor replied,میں تمہاری مدد کروں گا، ڈاکٹر نے جواب دیا۔
Nice food at affordable price for family and friends gatherings,خاندان اور دوستوں کے اجتماعات کے لیے مناسب قیمت پر اچھا کھانا
Nice view and excellent food,عمدہ نظارہ اور بہترین کھانا
Vvip food specialy Magaz Katakat  bhari kabab,وی وی آئی پی فوڈ سپیشل ماگز کاتاکت، بھری کباب
Edison invented the phonograph,ایڈیسن نے فونوگراف ایجاد کی۔
What would you like to have,میرے لیے ایک پیپسی لے آئیں۔
Sadly the food quality was very disappointing,افسوس کی بات ہے کہ کھانے کا معیار بہت مایوس کن تھا۔
Love,محبت
Enough is enough,منہ سنبھال کر بات کرو۔
Youre a good boy,تم ایک اچھے بچے ہو۔
Poor health is the only consequence of binge drinking,خرابی صحت دو بھرے پینے کا واحد نتیجہ ہے۔
Best mutton karahi in t0wn,t0wn میں بہترین مٹن کراہی۔
great place n tasteservice little slow,عمدہ جگہ اور ذائقہ  خدمت تھوڑی سست
Rates are high but good area for this much variety of foods,قیمتیں زیادہ ہیں لیکن کھانے کی اس زیادہ اقسام کے لیے اچھا علاقہ ہے۔
Best Service Delicious Food Specialist for Grill Burger,بہترین سروس، مزیدار کھانا، گرل برگر کے لیے ماہر
With school friends,اسکول کے دوستوں کے ساتھ
You have made him angry,آپ نے اسے ناراض کردیا۔
Food quality is good however management is poor,کھانے کا معیار اچھا ہے تاہم انتظام ناقص ہے۔
One of the best BBQ joints in Karachi,کراچی کے بہترین BBQ جوائنٹس میں سے ایک
Hes not going to ride a bike,وہ موٹر سائیکل پر سوار نہیں ہو گا۔
Its good for me,یہ میرے لیے اچھا ہے۔
Excellent for Indian food lovers,ہندوستانی کھانے سے محبت کرنے والوں کے لیے بہترین
This fruit has a bad taste,اس پھل کا ذائقہ خراب ہے۔
Are you falling for Tom,کیا تمہیں ٹام سے پیار ہو رہا ہے؟
Food was good but no sign of good hygiene,کھانا اچھا تھا لیکن اچھی حفظان صحت کی کوئی علامت نہیں تھی۔
For the Son of man is come to save that which was lost,کیونکہ ابنِ آدم کھوئے ہووَں کو ڈھونڈنے اور نجات دینے آیا ہے
How is it,کیسا ہے؟
Are you pupil,کیا آپ شاگرد ہیں؟
they do it well,وہ یہ اچھی طرح کرتے ہیں
Very Tasty Great Service Grilled Fish Specialist,بہت سوادج، زبردست سروس، گرلڈ فش سپیشلسٹ
MUST TRY THEIR CHICKEN CREAM,ان کی چکن کریم ضرور آزمائیں۔
Explain your goals clearly in this regard,اس سلسلے میں اپنے مقاصد کو واضح طور پر بیان کریں۔
Great ambience and food,بہترین ماحول اور کھانا۔
Can you please do my hair,کیا آپ میرے بال بنائیں؟
You need to do your homework,آپ کو اپنا ہوم ورک کرنے کی ضرورت ہے۔
Live fish available along with desi murga duck and batair,دیسی مرگا، بطخ اور بطیر کے ساتھ زندہ مچھلی دستیاب ہے۔
Foods available in Comportable price  for middle class peoples,متوسط ​​طبقے کے لوگوں کے لیے مناسب قیمت پر کھانے کی اشیاء دستیاب ہیں۔
The weather became warm,موسم تھوڑا گرم ہو گیا۔
Loved this place perfect taste in a budget price,بجٹ کی قیمت میں اس جگہ کا بہترین ذائقہ پسند آیا
Our teacher told us when to start,ہماری استانی نے ہمیں بتایا کہ کب شروع کرنا ہے۔
Old styled but still the quality seems maintained,پرانا انداز ہے لیکن پھر بھی معیار برقرار ہے۔
nerd to improve service and menue,سروس اور مینیو کو بہتر بنانے کے لیے بیوقوف
Fish karahi was good with resonable price,مچھلی کراہی مناسب قیمت کے ساتھ اچھی تھی۔
Average food good for crowd less than 200,اوسط کھانا، 200 سے کم ہجوم کے لیے اچھا۔
What would you like to eat and drink,آپ کیا کھا نا اور پینا پسند کریں گے؟
I owe you a great deal,میں آپ کا بہت مقروض ہوں۔
What has rpolice just said,پولیس نے ابھی کیا کہا ہے؟
Come quickly the child is drowning,جلدی آو؛بچہ ڈوب رہا ہے
Im the one to blame,الزام مجھے دیا جائے۔
Good place for lunch and dinner,لنچ اور ڈنر کے لیے اچھی جگہ۔
You havent really thought this through have you,تم نے اصل میں اس کے بارے میں اتنا نہیں سوچا ہے، ہےنا؟
And charged them that they should not make him known,اور اُن کو تاکید کی کہ مُجھے ظاہر نہ کرنا ۔
Fantastic fish specially grilled,لاجواب مچھلی خاص طور پر گرل کی گئی۔
Good old Zameer Ansari Always a good option for quality BBQ,اچھے پرانے ضمیر انصاری معیاری BBQ کے لیے ہمیشہ ایک اچھا آپشن
Amazing taste fried fish,حیرت انگیز ذائقہ تلی ہوئی مچھلی
I dont know about this,میں اس بارے میں نہیں جانتا
“She will soon get over these things,وہ جلد ہی ان چیزوں پر قابو پا لے گی۔
Steam Broast is too Good,بھاپ براسٹ بہت اچھا ہے۔
It was such a dull party,یہ ایک ایسی مدھم پارٹی تھی۔
I believe I see double,مجھے یقین ہے کہ میں ڈبل دیکھ رہا ہوں۔
and remember Thee abundantly,اور خوب تیرا چرچا کریں
Nice and fresh food,اچھا اور تازہ کھانا
He wants to explain something,وہ کچھ سمجھانا چاہتا ہے۔
Sauces spices and meet combination with ambience so fine,چٹنی مصالحے اور ماحول کے ساتھ مجموعہ بہت ٹھیک ہے
Are you ever going to get married again,کیا آپ شادی کبھی کریں گے؟
You havent got much to do have you,آپ کے پاس کرنے کو بہت کچھ نہیں ہے، ہے نا؟
Annette came to appreciate that fact,اینیٹ نے اس حقیقت کی تعریف کی۔
The food is delicious Good for school  college stags,کھانا مزیدار ہے اسکول  کالج کے اسٹیج کے لئے اچھا ہے۔
Good place to have Nihari and Bar B Q,نہاری اور بار بی کیو کے لیے اچھی جگہ
Beautiful Place for Traditional Food Lovers,روایتی کھانے سے محبت کرنے والوں کے لیے خوبصورت جگہ
Have become expensive than my last visit,میرے آخری دورے سے مہنگے ہو گئے ہیں۔
Average food price ambiance Good for people on a budget,اوسط خوراک، قیمت، ماحول۔ بجٹ میں لوگوں کے لیے اچھا ہے۔
Good place to eat with good quantity  quality,اچھی مقدار اور کوالٹی کے ساتھ کھانے کے لیے اچھی جگہ۔
I undertook it because it was what my captain had bade me do,میں نے یہ کام لیا کیونکہ میرے کپتان نے مجھے ایسا کرنے کے لیے کہا تھا۔
Food quality sitting place dealing and service very well,کھانے کا معیار، بیٹھنے کی جگہ، ڈیلنگ اور سروس بہت اچھی ہے۔
Where is the flask,فلاسک کہاں ہے؟
try expressing your feelings in a note,ایک نوٹ میں اپنے جذبات کا اظہار کرنے کی کوشش کریں۔
I have no other option,میرے پاس اور کوئی چارا نہیں۔
Vgood food especially the Malai boti kebabs and paratha,Vاچھا کھانا خاص طور پر ملائی بوٹیکباب اور پراٹھا۔
too far away,بہت دور ہے
"Barbeque
was good",باربیکیو اچھا تھا۔
Ambiance was good,ماحول اچھا تھا۔
"Good meal at afforable price
Average of 150 per person bill",مناسب قیمت پر اچھا کھانا اوسطاً 150 فی شخص بل۔
Need to improve,بہتر کرنے کی ضرورت ہے۔
Very bad,بہت برا
Ambiance was good food 1010 Love their masala dosa,ماحول اچھا تھا کھانا 1010 ان کے مسالہ ڈوسا سے پیار کریں
You ride a bicycle,آپ سائیکل چلاتے ہیں۔
Finest dinning with the best experience,بہترین تجربے کے ساتھ بہترین کھانا
you’re not alone Many youths abuse alcoholx0002,تم اکیلے نہیں ہو بہت سے نوجوان شراب کا غلط استعمال کرتے ہیں۔
Excellent atmosphere due to open roof Decent food,کھلی چھت کی وجہ سے بہترین ماحول۔ مہذب کھانا۔
Very expensive while quality of food and service is not good,بہت مہنگا جبکہ کھانے اور سروس کا معیار اچھا نہیں ہے۔
From last visit in 2018 to now 2022 drastic change in taste,2018 میں آخری دورے سے لے کر اب 2022 تک، ذائقہ میں زبردست تبدیلی
Never ever want to visit again and also will not recoment,کبھی بھی دوبارہ دورہ نہیں کرنا چاہتے اور دوبارہ بھی نہیں جائیں گے۔
It is not far to the police station,پولیس اسٹیشن زیادہ دور نہیں ہے۔
Nature is the best physician,قدرت بہترین طبیب ہے۔
What difference does it make,اس سے کیا  فرق پڑتا ہے؟
I left early,میں جلدی چلا گیا۔
They said turning towards them What is it that ye miss,1271وہ ان کی طرف متوجہ ہو کر کہنے لگے تمہاری کیا چیز کھوئی گئی ہے
Quick service beef Afghani boti is the best,فوری سروس، بیف افغانی بوٹی بہترین ہے۔
Awsum n tasty dinner,Awsum اور مزیدار رات کا کھانا
Okay,ٹھیک ہے،
Best Restaurant of SITE Area also Economical,سائٹ ایریا کا بہترین ریستوراں بھی اقتصادی
Food is delicious,کھانا مزیدار ہے۔
Its a new eatry near five star roundabout,یہ فائیو اسٹار راؤنڈ اباؤٹ کے قریب ایک نئی کھانے کی جگہ ہے۔
Nice place to visit,دیکھنے کے لیے اچھی جگہ ہے۔
Very nice place for dinner,رات کے کھانے کے لیے بہت اچھی جگہ
Best Restaurant  Friendly atmosphere,بہترین ریستوراں، دوستانہ ماحول
Researcher Lloyd Johnston found that teens who smoke are “,محقق لائیڈ جانسٹن نے پایا کہ سگریٹ نوشی کرنے والے نوعمر افراد
and that My chastisement is the painful chastisement,مگر اِس کے ساتھ میرا عذاب بھی نہایت دردناک عذاب ہے
Dantès saluted Villefort and retired,ڈینٹس نے ویلفورٹ کو سلام کیا اور ریٹائر ہو گئے۔
Awesome taste of all types of karahii,کراہی کی تمام اقسام کا لاجواب ذائقہ
Dont be formal,تکلف کی کوئی بات نہیں۔
“What was I saying I forget,میں کیا کہہ رہا تھا؟ میں بھول گیا
Delicious bbq,مزیدار bbq
He want to catch the bus,وہ بس پکڑنا چاہتا ہے۔
پیچھے ہٹنا۔
